<?xml version="1.0" ?>
<vnfd xmlns="http://www.cisco.com/usp/scm/vnfdservice">
    <name>CISCO_UPF_E_G</name>							 
    <virtual-link>
      <virtual-link-id>vl_core_orch</virtual-link-id>
      <auto-vnf-connection-ref>vnfoam_network</auto-vnf-connection-ref>
      <connectivity-type>ip-fwd</connectivity-type>
    </virtual-link>
    <virtual-link>
      <virtual-link-id>vl_core_mgmt</virtual-link-id>
      <auto-vnf-connection-ref>cisco_network</auto-vnf-connection-ref>
      <connectivity-type>ip-fwd</connectivity-type>
    </virtual-link>
    <virtual-link>
      <virtual-link-id>vl-service_1</virtual-link-id>
      <auto-vnf-connection-ref>vl-service</auto-vnf-connection-ref>
      <connectivity-type>ip-fwd</connectivity-type>
    </virtual-link>
    <virtual-link>
      <virtual-link-id>vl-service_2</virtual-link-id>
      <auto-vnf-connection-ref>vl-service</auto-vnf-connection-ref>
      <connectivity-type>ip-fwd</connectivity-type>
    </virtual-link>
    <virtual-link>
      <virtual-link-id>vl-service_3</virtual-link-id>
      <auto-vnf-connection-ref>vl-service</auto-vnf-connection-ref>
      <connectivity-type>ip-fwd</connectivity-type>
    </virtual-link>
    <virtual-link>
      <virtual-link-id>vl-service_4</virtual-link-id>
      <auto-vnf-connection-ref>vl-service</auto-vnf-connection-ref>
      <connectivity-type>ip-fwd</connectivity-type>
    </virtual-link>
    <vdu>
        <vdu-id>vdu-CISCO_UPF</vdu-id>
        <usp-auto-vnf-id>vpc-ups-core-1</usp-auto-vnf-id>
        <ssh-keygen>false</ssh-keygen>
        <vm-image>up-image-name</vm-image>
        <card-type>user-plane-function</card-type>
        <user>emuser</user>
        <password>Cisco.123</password>
        <vnfc>
            <vnfc-id>vpc-up-vnfc-ugp</vnfc-id>
            <connection-point>
                <connection-point-id>eth0</connection-point-id>
                <virtual-link>vl_core_orch</virtual-link>
                <connection-point-type>virtual-port</connection-point-type>
            </connection-point>
            <connection-point>
                <connection-point-id>eth1</connection-point-id>
                <virtual-link>vl_core_mgmt</virtual-link>
                <connection-point-type>virtual-port</connection-point-type>
            </connection-point>
            <connection-point>
                <connection-point-id>eth2</connection-point-id>
                <virtual-link>vl-service_1</virtual-link>
                <connection-point-type>virtual-port</connection-point-type>
            </connection-point>
            <connection-point>
                <connection-point-id>eth3</connection-point-id>
                <virtual-link>vl-service_2</virtual-link>
                <connection-point-type>virtual-port</connection-point-type>
            </connection-point>
            <connection-point>
                <connection-point-id>eth4</connection-point-id>
                <virtual-link>vl-service_3</virtual-link>
                <connection-point-type>virtual-port</connection-point-type>
            </connection-point>
            <connection-point>
                <connection-point-id>eth5</connection-point-id>
                <virtual-link>vl-service_4</virtual-link>
                <connection-point-type>virtual-port</connection-point-type>
            </connection-point>
        </vnfc>
    </vdu>
    <element-group>
        <element-group-id>ugpeg</element-group-id>
        <infra-group>true</infra-group>
        <constituent-vdu>
            <vdu-ref>vdu-CISCO_UPF</vdu-ref>
            <vnfc>
                <vnfc-id>UUID-VDU-UPF_E</vnfc-id>
                <vnfc-ref>vpc-up-vnfc-ugp</vnfc-ref>
                <host>host-1</host>
            </vnfc>
            <vnfc>
                <vnfc-id>UUID-VDU-UPF_G</vnfc-id>
                <vnfc-ref>vpc-up-vnfc-ugp</vnfc-ref>
                <host>host-2</host>
            </vnfc>
          
        </constituent-vdu>
    </element-group>
    <vnfm>
        <ipaddr>128.1.0.35</ipaddr>
        <port>9090</port>
        <username>vnfm_id_etsi_sol002</username>
        <password>vnfm_pwd_etsi_sol002</password>
    </vnfm>
    <deployment-flavor>
        <deployment-flavor-id>generic</deployment-flavor-id>
        <constituent-element-group>
            <element-group-ref>ugpeg</element-group-ref>
            <enable-redundancy>false</enable-redundancy>
            <num-of-instances>1</num-of-instances>
        </constituent-element-group>
    </deployment-flavor>
</vnfd>